member_id,uplift_score,rank
422,0.2956133,1
4285,0.28825593,2
5605,0.27348182,3
2547,0.27294075,4
5767,0.27224702,5
3394,0.27208197,6
9472,0.2691104,7
7808,0.26647782,8
6942,0.26505357,9
609,0.26326865,10
2357,0.2629122,11
6782,0.26080465,12
3675,0.26071477,13
6039,0.2606098,14
2994,0.2592686,15
282,0.25748625,16
7423,0.25688037,17
7166,0.25387084,18
9325,0.25365645,19
1769,0.25341457,20
5124,0.25293058,21
6013,0.25095558,22
5083,0.25091955,23
4109,0.2500132,24
7995,0.24996552,25
9276,0.2487301,26
7196,0.24780592,27
3615,0.24737963,28
2249,0.24729526,29
927,0.24714023,30
7462,0.24692398,31
8671,0.24660137,32
1054,0.24576347,33
6721,0.24573761,34
7211,0.24563861,35
3556,0.24502206,36
7040,0.24349043,37
8629,0.24328797,38
1590,0.24290109,39
3492,0.24203447,40
3165,0.24186987,41
3725,0.24131063,42
2769,0.24106316,43
3571,0.24082255,44
3022,0.24014752,45
4723,0.2398229,46
3326,0.23977584,47
5267,0.23975086,48
105,0.23967744,49
4715,0.2394771,50
3939,0.23930514,51
6909,0.23873746,52
6378,0.23870158,53
9398,0.23863465,54
4619,0.23849031,55
6511,0.23822258,56
2247,0.23763576,57
3584,0.23752524,58
7603,0.2373476,59
5745,0.23724055,60
9118,0.23722655,61
6659,0.23715977,62
1365,0.23685643,63
7061,0.23632172,64
4192,0.23630014,65
2695,0.23613505,66
6640,0.23591736,67
7214,0.23575771,68
8481,0.23559608,69
4215,0.23523101,70
7999,0.2347191,71
4779,0.23470797,72
3548,0.23458397,73
9938,0.23414305,74
9055,0.23412496,75
4373,0.2339679,76
3480,0.23346785,77
937,0.2332367,78
6123,0.23305064,79
3709,0.23253927,80
4236,0.23243077,81
4420,0.23230433,82
1421,0.23110834,83
4328,0.23092979,84
7410,0.23066875,85
3748,0.23050871,86
285,0.2300795,87
2180,0.22999051,88
7035,0.22980128,89
3499,0.22977099,90
7780,0.22975394,91
2795,0.2297397,92
4297,0.22887042,93
4290,0.22805205,94
5053,0.22727951,95
7323,0.22725874,96
2129,0.22710174,97
293,0.22702605,98
2786,0.22668235,99
6627,0.2266002,100
5763,0.22654042,101
3946,0.22648993,102
6078,0.22623236,103
5202,0.2262292,104
7565,0.22617848,105
9471,0.22600809,106
7472,0.22588761,107
2535,0.2258268,108
795,0.22571532,109
1423,0.2255435,110
9245,0.22491503,111
6501,0.22477785,112
5367,0.22405525,113
4708,0.2239996,114
5634,0.22399476,115
6952,0.2239736,116
6727,0.22366534,117
8673,0.22364658,118
8180,0.22349088,119
9805,0.2230664,120
4882,0.22306162,121
3401,0.22285068,122
5327,0.2225579,123
7642,0.22235695,124
5938,0.22220129,125
1736,0.2219233,126
1484,0.22188778,127
2068,0.22176373,128
4071,0.22173962,129
6822,0.22164463,130
2995,0.22133866,131
8573,0.22109766,132
1502,0.22094768,133
6089,0.2207314,134
230,0.22069398,135
9669,0.22058152,136
9547,0.22052386,137
7531,0.22048661,138
7643,0.22044832,139
8406,0.2203322,140
8949,0.2200784,141
7403,0.22002998,142
2883,0.22000727,143
247,0.21984166,144
8902,0.21978128,145
24,0.21972668,146
7358,0.21942367,147
2240,0.21929406,148
5922,0.21911111,149
3261,0.21903236,150
8523,0.21894002,151
4645,0.21865672,152
1298,0.21863244,153
6429,0.2184348,154
5684,0.21788794,155
6187,0.21772282,156
821,0.21747985,157
2965,0.21714321,158
1219,0.21696496,159
3300,0.21686488,160
9219,0.21685377,161
8872,0.21683486,162
8670,0.21650603,163
7964,0.21644565,164
326,0.21636942,165
3809,0.21636574,166
5055,0.21602434,167
984,0.21595296,168
4301,0.2159479,169
4578,0.215889,170
3843,0.21578084,171
3447,0.21577826,172
3383,0.21575382,173
38,0.21558368,174
4706,0.21545821,175
660,0.2154358,176
7176,0.21524721,177
4704,0.21522442,178
5409,0.21520689,179
5,0.21516113,180
2866,0.21505496,181
3546,0.2148543,182
4073,0.21482864,183
9241,0.21465753,184
3886,0.21451676,185
382,0.2144731,186
6384,0.2141988,187
6622,0.21413785,188
2801,0.21405387,189
9946,0.21400505,190
9846,0.21394676,191
8762,0.21384107,192
6368,0.21361169,193
6789,0.2134566,194
6352,0.21334828,195
5773,0.21330222,196
3379,0.21328387,197
8407,0.21316579,198
4271,0.21313706,199
8315,0.21311584,200
7959,0.2130341,201
2898,0.21273261,202
738,0.21268785,203
4477,0.2126849,204
1053,0.21263787,205
3685,0.21263146,206
1475,0.21262541,207
1456,0.21242696,208
7124,0.21234721,209
7001,0.21219048,210
4288,0.21217155,211
3062,0.2120964,212
7885,0.212039,213
9277,0.21202025,214
2588,0.21196625,215
4214,0.21196282,216
1506,0.21190646,217
2015,0.21151601,218
5155,0.21142212,219
3582,0.21133891,220
1033,0.21126151,221
9602,0.21095704,222
4153,0.21087675,223
2124,0.21077871,224
8754,0.21077773,225
9754,0.21074966,226
1785,0.21059245,227
3533,0.21056561,228
8559,0.21050599,229
7507,0.21045399,230
2184,0.21041164,231
8679,0.21021974,232
6449,0.21019664,233
4806,0.21012145,234
63,0.21009201,235
6249,0.20998281,236
3074,0.20996098,237
9170,0.20977172,238
7893,0.20967358,239
4768,0.20952868,240
4965,0.20923577,241
1795,0.20901093,242
9622,0.20887586,243
4949,0.20885387,244
8165,0.20876303,245
6770,0.20867786,246
3641,0.20829825,247
8479,0.20819774,248
6296,0.20811838,249
184,0.20809051,250
7711,0.2079685,251
2659,0.20796771,252
3265,0.20777535,253
3707,0.20776194,254
7854,0.20752336,255
7962,0.20750302,256
3820,0.20746386,257
364,0.2073504,258
6372,0.20734379,259
8938,0.20734146,260
5061,0.2071392,261
9543,0.20710859,262
5916,0.20697653,263
7801,0.20676275,264
6724,0.20675424,265
9840,0.20668682,266
8954,0.20648101,267
6873,0.20623364,268
1327,0.20621923,269
2352,0.20614058,270
1093,0.20609951,271
7404,0.20602688,272
6268,0.2058804,273
2211,0.20585766,274
9183,0.20580474,275
5167,0.2058003,276
3143,0.20574433,277
9590,0.20571242,278
5965,0.20568156,279
7053,0.20566677,280
4957,0.2056218,281
7081,0.2055698,282
5992,0.20534486,283
3368,0.20520948,284
7080,0.20513561,285
5946,0.20500419,286
9579,0.20496751,287
9950,0.20496443,288
509,0.20493436,289
3765,0.20478527,290
4977,0.2045894,291
3128,0.204586,292
6993,0.20439722,293
4263,0.20439214,294
3333,0.20421618,295
4832,0.204185,296
880,0.20409001,297
7255,0.20408495,298
3952,0.20395112,299
3779,0.20388481,300
9673,0.20387062,301
9014,0.20366707,302
6866,0.20366444,303
1761,0.20364818,304
3338,0.20355228,305
1840,0.20354359,306
6651,0.20347038,307
5360,0.20342954,308
7355,0.2033458,309
3066,0.20320144,310
6394,0.20316435,311
8816,0.20312566,312
3979,0.20309335,313
7144,0.20296022,314
7563,0.20290595,315
6977,0.20284486,316
1820,0.20282921,317
4481,0.20276704,318
6635,0.20270136,319
732,0.20269355,320
9934,0.20251858,321
1135,0.20236957,322
709,0.2021442,323
7940,0.20197983,324
9205,0.2019361,325
4830,0.20172596,326
8779,0.2015793,327
4641,0.2015731,328
8039,0.2013661,329
6477,0.20133564,330
1314,0.20099103,331
9318,0.20095633,332
5950,0.20078912,333
1729,0.20076549,334
7191,0.20076205,335
9337,0.20071521,336
4848,0.20068675,337
9467,0.20062765,338
2058,0.20048153,339
8536,0.20038368,340
5286,0.20034716,341
3213,0.20025802,342
3186,0.20023608,343
6565,0.20018935,344
6071,0.20018503,345
2107,0.20002413,346
7982,0.199972,347
9074,0.19990572,348
8662,0.19985628,349
8261,0.19984394,350
913,0.19983897,351
8131,0.19983101,352
3715,0.19974622,353
3328,0.19933951,354
6090,0.19931975,355
804,0.19927245,356
7203,0.19923797,357
2144,0.19910455,358
2824,0.19890478,359
4221,0.19885689,360
6111,0.19885322,361
5510,0.19871154,362
1495,0.19870833,363
7591,0.19869994,364
2377,0.19867492,365
7523,0.19866024,366
9345,0.19864488,367
424,0.1986394,368
6194,0.19832483,369
4828,0.19831032,370
9839,0.1982724,371
4792,0.19806595,372
7812,0.19795491,373
6812,0.1978945,374
312,0.19779313,375
9387,0.19773202,376
7946,0.19771588,377
9721,0.19750443,378
5632,0.19749343,379
1310,0.19742587,380
3951,0.19738844,381
9598,0.19717959,382
9977,0.19714217,383
5254,0.19713137,384
6589,0.19709784,385
5837,0.19686007,386
7202,0.19679126,387
5446,0.19678062,388
8428,0.19672343,389
3856,0.19671693,390
873,0.1967012,391
5846,0.1966388,392
8132,0.19657165,393
5957,0.19653064,394
7168,0.19651332,395
7020,0.19645107,396
6330,0.19641665,397
1170,0.19630149,398
7908,0.19621125,399
3432,0.19620648,400
4798,0.19620506,401
2516,0.19612005,402
429,0.19605717,403
667,0.19605206,404
7306,0.19604662,405
4454,0.1960178,406
8835,0.19577155,407
3749,0.19572613,408
986,0.19558036,409
531,0.19550258,410
9507,0.1952935,411
1728,0.19517866,412
5434,0.19487783,413
4933,0.19483668,414
5017,0.19483304,415
8272,0.194792,416
9620,0.19477476,417
7356,0.19475602,418
4796,0.19473648,419
8051,0.19461843,420
7237,0.1944977,421
8018,0.19439709,422
1572,0.1943635,423
1222,0.19432184,424
2497,0.19428882,425
6949,0.19419912,426
9565,0.19416606,427
8244,0.19411257,428
3374,0.19402257,429
590,0.193975,430
1563,0.19389439,431
9944,0.1938296,432
2560,0.19369775,433
241,0.19361122,434
1187,0.19354114,435
3528,0.19347686,436
4669,0.19343919,437
823,0.19332457,438
8540,0.19330087,439
3853,0.1932499,440
2731,0.19318482,441
4647,0.19306204,442
223,0.19305745,443
5753,0.19300559,444
373,0.19299819,445
9453,0.19293255,446
9437,0.19280407,447
8882,0.19265327,448
7605,0.19264781,449
7058,0.19241127,450
1284,0.19229466,451
5115,0.19223467,452
3352,0.19220391,453
3808,0.19212873,454
9239,0.19206728,455
5245,0.1919641,456
6084,0.19188765,457
8369,0.19188035,458
5839,0.19173971,459
2091,0.19169396,460
6003,0.19141275,461
2487,0.19139707,462
1290,0.19134769,463
6904,0.19133955,464
2386,0.19132388,465
7900,0.1912593,466
6212,0.19115748,467
7112,0.19113219,468
231,0.19103068,469
3221,0.19097972,470
9536,0.19094062,471
8827,0.19085416,472
5019,0.1908066,473
6959,0.19080602,474
1706,0.19070578,475
5241,0.19060579,476
8441,0.1905466,477
9365,0.19052127,478
8765,0.1904967,479
2241,0.1904153,480
832,0.19038324,481
2850,0.19034821,482
9485,0.19026819,483
13,0.19026452,484
8500,0.19021639,485
8962,0.19020173,486
9703,0.19016333,487
4659,0.19015789,488
6887,0.19001664,489
737,0.19001338,490
2977,0.18995568,491
1773,0.18988436,492
4473,0.18987253,493
2579,0.18985634,494
546,0.1896926,495
3630,0.18958381,496
6708,0.18956813,497
196,0.18952796,498
7968,0.1892128,499
6418,0.18912989,500
9726,0.18903968,501
3033,0.18896942,502
4909,0.18888693,503
9342,0.18886745,504
840,0.1888142,505
9709,0.18878938,506
1612,0.18878502,507
5954,0.1887512,508
1263,0.18870145,509
2246,0.18861593,510
7361,0.18860535,511
5772,0.18843189,512
4298,0.18840796,513
7835,0.18831089,514
5091,0.18810672,515
2975,0.1880281,516
4082,0.1880236,517
8586,0.18799308,518
3152,0.18797554,519
2336,0.18792437,520
7391,0.18779936,521
96,0.18766165,522
1920,0.18759926,523
8220,0.18754816,524
3344,0.18752521,525
3141,0.18743175,526
9645,0.18725315,527
7383,0.18719661,528
3806,0.18719271,529
706,0.18716481,530
584,0.18701306,531
5974,0.18699986,532
9450,0.18694338,533
7700,0.1869081,534
6415,0.18686366,535
2268,0.18684027,536
1659,0.18683103,537
3376,0.18678388,538
5474,0.1866978,539
9658,0.18669426,540
1866,0.1866239,541
4943,0.18656391,542
5594,0.18646327,543
3664,0.18640362,544
1624,0.1862869,545
4903,0.1861518,546
3818,0.18612161,547
2713,0.18611374,548
7422,0.1861107,549
2783,0.18606378,550
9720,0.18602768,551
6719,0.18595989,552
2358,0.18593249,553
2179,0.1858593,554
9559,0.18581584,555
4630,0.18579215,556
6022,0.18578303,557
7041,0.18561377,558
2383,0.18540801,559
2915,0.18539023,560
4879,0.18535103,561
8320,0.18520096,562
5398,0.18516812,563
648,0.18512744,564
4291,0.1850246,565
3267,0.18484332,566
5075,0.18480277,567
2251,0.18470901,568
4627,0.18463993,569
3911,0.18432602,570
1369,0.18427688,571
41,0.18427369,572
9128,0.1842201,573
8732,0.18402943,574
4287,0.1840256,575
1742,0.18397611,576
9059,0.18373044,577
4886,0.18370253,578
8822,0.18369398,579
1092,0.18359703,580
1512,0.1835593,581
9032,0.18354845,582
7427,0.18351194,583
2582,0.18344238,584
2875,0.18342286,585
9618,0.18340886,586
9407,0.18337418,587
5433,0.18322554,588
3306,0.18321718,589
7901,0.18311277,590
5523,0.18302032,591
3230,0.1829989,592
499,0.18297178,593
3004,0.18294972,594
7814,0.18287453,595
4613,0.18284337,596
1547,0.18279183,597
6310,0.18266802,598
1171,0.18259908,599
6412,0.18258464,600
615,0.18257792,601
2355,0.18257588,602
4924,0.18256979,603
8250,0.18248713,604
1596,0.18245128,605
1471,0.18244696,606
2197,0.18240978,607
2567,0.18237454,608
2212,0.18231377,609
1099,0.18225232,610
829,0.18212277,611
8186,0.18204486,612
7220,0.1819875,613
8352,0.18190867,614
6691,0.18184626,615
9382,0.18182251,616
8194,0.18177775,617
9162,0.18174008,618
6493,0.18170482,619
6529,0.18169391,620
5308,0.1816348,621
847,0.18160728,622
9486,0.18134336,623
4521,0.1813339,624
8266,0.18126583,625
599,0.18104383,626
1181,0.1809904,627
9267,0.1808906,628
6765,0.1808731,629
1655,0.1807977,630
7282,0.18076934,631
6464,0.18074256,632
4212,0.1805881,633
4754,0.18049867,634
5680,0.18049276,635
6474,0.18044606,636
8293,0.18032673,637
1892,0.18029656,638
4522,0.18028644,639
9978,0.18025643,640
871,0.1799613,641
1165,0.17991617,642
9964,0.17977703,643
8313,0.17970102,644
5277,0.17960635,645
9408,0.17955467,646
6514,0.17940074,647
9971,0.17934278,648
7029,0.17928962,649
6538,0.17927063,650
3218,0.17926596,651
944,0.17919818,652
1743,0.17918128,653
3625,0.1791804,654
4054,0.17905615,655
933,0.17902753,656
3121,0.17880708,657
489,0.17870894,658
3406,0.17866798,659
9434,0.1786319,660
4648,0.17839861,661
2782,0.17838956,662
6674,0.17826574,663
8512,0.17821246,664
825,0.17816526,665
7022,0.17814344,666
2117,0.17800352,667
2506,0.1779949,668
3711,0.17788109,669
5790,0.17781031,670
646,0.17778298,671
108,0.17774191,672
6745,0.17771956,673
57,0.17767587,674
9294,0.17757988,675
5473,0.17756334,676
6035,0.1775075,677
334,0.1774829,678
8569,0.17743462,679
317,0.17734829,680
137,0.17730547,681
9871,0.17721692,682
444,0.17714903,683
6545,0.17709778,684
8770,0.17706588,685
2447,0.17706528,686
4208,0.17691138,687
4223,0.17690015,688
2660,0.17673713,689
952,0.17672572,690
3812,0.17662252,691
1664,0.17657453,692
7994,0.17648205,693
2601,0.17641914,694
5720,0.17639229,695
3640,0.17632937,696
5931,0.17630188,697
1924,0.17614493,698
167,0.17613715,699
2310,0.17608768,700
9685,0.17608237,701
3382,0.17604995,702
8289,0.17602746,703
7034,0.17572713,704
9265,0.17569697,705
6000,0.17569524,706
9111,0.1756646,707
6120,0.17554814,708
5499,0.17545114,709
4356,0.1754503,710
4313,0.17537831,711
9567,0.17532492,712
6984,0.17528196,713
5287,0.17527738,714
654,0.17526709,715
6850,0.17502525,716
8020,0.17501304,717
3814,0.17497826,718
2248,0.17489162,719
4022,0.17487408,720
3375,0.17486724,721
9307,0.17474031,722
9521,0.17470872,723
9019,0.1747028,724
2040,0.1746903,725
3019,0.1746468,726
2330,0.17459491,727
8404,0.17457521,728
9508,0.17456785,729
6323,0.17452623,730
4504,0.17443126,731
481,0.17442498,732
3310,0.17440727,733
8769,0.17440236,734
5784,0.17433666,735
9073,0.17424071,736
6611,0.1741825,737
7182,0.17417687,738
9835,0.17403898,739
7706,0.17394644,740
9610,0.17388275,741
2843,0.17381535,742
5063,0.1737077,743
5863,0.17367181,744
2863,0.1736407,745
4185,0.17362443,746
996,0.17356166,747
7682,0.17349976,748
95,0.17340446,749
2006,0.17326057,750
4653,0.1732367,751
5166,0.17319116,752
6851,0.17305104,753
4929,0.1729964,754
4103,0.17298767,755
3473,0.17281684,756
2846,0.17280598,757
2839,0.17279997,758
8828,0.17266549,759
4429,0.17261833,760
8551,0.17243078,761
4786,0.17238307,762
2051,0.17226231,763
8932,0.17214245,764
4466,0.17211738,765
2097,0.1719833,766
620,0.17181984,767
8382,0.1717768,768
881,0.17176399,769
2997,0.1717419,770
3229,0.17171311,771
532,0.1717113,772
4,0.17161119,773
1493,0.17161103,774
3236,0.17159095,775
6228,0.17154571,776
1186,0.17138255,777
6728,0.17135134,778
6478,0.17129257,779
1105,0.17115846,780
9295,0.17097008,781
4908,0.17096263,782
7470,0.17094582,783
9653,0.17082714,784
8027,0.17078212,785
2756,0.17074771,786
4377,0.17072457,787
356,0.17064595,788
3566,0.17063147,789
7645,0.17062178,790
19,0.17060196,791
6499,0.17057368,792
159,0.17045988,793
7024,0.17045945,794
2441,0.17044255,795
915,0.17044136,796
7583,0.17042291,797
4303,0.17036638,798
8221,0.17035022,799
2943,0.17034583,800
8530,0.17030337,801
5276,0.1702413,802
3163,0.17019504,803
6006,0.17012414,804
5178,0.17010826,805
870,0.17004251,806
5201,0.16999307,807
2309,0.16999069,808
2077,0.16995393,809
9939,0.16981676,810
7487,0.16979513,811
4789,0.16956171,812
2679,0.16954961,813
805,0.1695391,814
5698,0.16951048,815
1756,0.1695061,816
7464,0.16945736,817
274,0.16942662,818
5047,0.16942188,819
5319,0.16919585,820
1759,0.16919094,821
9462,0.1690759,822
5128,0.16897711,823
9029,0.16897354,824
9616,0.16886672,825
3414,0.1686801,826
3246,0.16865575,827
9006,0.16856952,828
2102,0.16856077,829
1701,0.16848868,830
7131,0.16847706,831
3417,0.16843002,832
6999,0.16842389,833
5222,0.16832352,834
6180,0.16827117,835
3703,0.1682367,836
7011,0.1682356,837
1523,0.16820067,838
9012,0.16808671,839
6888,0.16806695,840
7178,0.16802144,841
1454,0.16797143,842
6783,0.167927,843
6261,0.16787907,844
2041,0.16783018,845
5907,0.16776672,846
8984,0.16766988,847
8146,0.16763055,848
9196,0.16762817,849
1641,0.16762519,850
3395,0.16754568,851
2514,0.16748425,852
8692,0.16744219,853
3036,0.16739798,854
6740,0.16730134,855
6526,0.16727614,856
7009,0.16727166,857
5157,0.16715021,858
3796,0.16713196,859
6014,0.16694927,860
3262,0.16691884,861
9323,0.1668268,862
7876,0.16679254,863
9153,0.16678396,864
9666,0.16677028,865
8897,0.16669524,866
4131,0.1666072,867
8783,0.16658314,868
4104,0.16635415,869
9908,0.16633809,870
3977,0.1663106,871
1536,0.16624816,872
6081,0.16623604,873
2353,0.16623554,874
7522,0.1661515,875
4812,0.16606599,876
3178,0.16604516,877
3645,0.16603884,878
1951,0.16592152,879
2612,0.16590065,880
7818,0.16586679,881
9251,0.16576701,882
5656,0.16573486,883
3486,0.16565503,884
9031,0.16562672,885
3931,0.16554508,886
7177,0.16553764,887
3485,0.16551584,888
4922,0.16546384,889
369,0.16539535,890
2584,0.16533685,891
3056,0.16531935,892
2153,0.16531256,893
3988,0.16530004,894
2491,0.16528526,895
4979,0.16525435,896
3591,0.16522238,897
1503,0.1651415,898
3761,0.16502905,899
2972,0.16500905,900
5454,0.164964,901
4410,0.16486053,902
1857,0.16485494,903
3973,0.16483536,904
9262,0.16476966,905
8224,0.16473612,906
2622,0.16473186,907
8654,0.1647288,908
4471,0.16469195,909
650,0.16468358,910
1997,0.1646825,911
3337,0.1646697,912
3154,0.16457438,913
7692,0.16445136,914
3759,0.16434938,915
5779,0.16427255,916
6426,0.16424501,917
1303,0.16421942,918
4146,0.16405393,919
1270,0.16395584,920
7989,0.16380408,921
3172,0.16378522,922
800,0.16376749,923
6776,0.16375804,924
8643,0.16374227,925
3482,0.16365221,926
961,0.16360562,927
7266,0.16356888,928
4497,0.16349214,929
5741,0.16339774,930
7598,0.16339351,931
7270,0.16329992,932
6443,0.16328907,933
9476,0.1631294,934
9821,0.16308604,935
652,0.1630424,936
9885,0.16303152,937
2864,0.16294053,938
237,0.16288605,939
8449,0.16283317,940
3643,0.16271147,941
5051,0.16270903,942
6483,0.16268545,943
400,0.16261443,944
9697,0.1624806,945
8614,0.1623834,946
4604,0.16233909,947
5628,0.16226545,948
841,0.16220313,949
3760,0.1621745,950
7229,0.16217181,951
125,0.16216964,952
5873,0.16207448,953
736,0.16205657,954
8688,0.16201535,955
885,0.16199948,956
8579,0.16181934,957
6434,0.16179097,958
7243,0.16169783,959
2459,0.16168085,960
717,0.16160822,961
2960,0.16156739,962
8596,0.16155809,963
8744,0.16155621,964
7837,0.16150299,965
2745,0.16144314,966
8580,0.16143566,967
6148,0.16134185,968
1874,0.16132298,969
9296,0.16129157,970
2870,0.1612896,971
5955,0.16114256,972
9652,0.16108868,973
6456,0.1609979,974
8378,0.1609264,975
6808,0.16082689,976
4809,0.16076404,977
9109,0.16054133,978
2586,0.1604809,979
8149,0.16047549,980
1403,0.16042751,981
5894,0.16037741,982
6838,0.16020216,983
8895,0.16015199,984
9406,0.16013804,985
5498,0.16004084,986
6208,0.16001868,987
9231,0.1599454,988
1824,0.15983698,989
9807,0.15978341,990
8904,0.15963447,991
863,0.15961921,992
1793,0.15957747,993
7816,0.15956177,994
8387,0.15955144,995
5987,0.15951446,996
5293,0.1593987,997
3519,0.15939644,998
9546,0.15938863,999
8558,0.15938172,1000
997,0.1593453,1001
792,0.15934488,1002
392,0.15917833,1003
8385,0.15917456,1004
2534,0.15910226,1005
7967,0.15908092,1006
2010,0.15901765,1007
3545,0.1589235,1008
7526,0.1586778,1009
5543,0.15865847,1010
2462,0.15865526,1011
3411,0.15865189,1012
3860,0.15864784,1013
4689,0.15862283,1014
2479,0.15849292,1015
4742,0.15847784,1016
2443,0.15847152,1017
2204,0.15839058,1018
2417,0.1583829,1019
8649,0.1583596,1020
5056,0.158333,1021
4714,0.15828478,1022
3704,0.15827215,1023
88,0.1581864,1024
8243,0.15815216,1025
5185,0.15814811,1026
1731,0.15798543,1027
7398,0.15797932,1028
7281,0.15797281,1029
9553,0.15795225,1030
358,0.15778887,1031
7290,0.15771595,1032
3524,0.15771589,1033
1526,0.15760851,1034
3298,0.15760824,1035
5163,0.15756202,1036
2501,0.1574888,1037
9892,0.15745802,1038
8126,0.1574502,1039
9487,0.15743527,1040
93,0.15741044,1041
8778,0.1574044,1042
1599,0.15717787,1043
168,0.15716895,1044
3138,0.15709633,1045
7052,0.15709102,1046
7652,0.15702713,1047
3916,0.15702711,1048
4289,0.15692392,1049
3273,0.15688506,1050
538,0.1568534,1051
4467,0.15685076,1052
431,0.15684019,1053
2663,0.1568372,1054
8891,0.15677628,1055
4795,0.1567719,1056
8745,0.15677062,1057
3024,0.15675732,1058
3562,0.15673867,1059
3723,0.15670998,1060
5330,0.15669717,1061
8681,0.15665469,1062
8445,0.15657562,1063
726,0.15656957,1064
8609,0.15655768,1065
7466,0.15653439,1066
2629,0.15649813,1067
3984,0.1564408,1068
8115,0.15642244,1069
8141,0.15638995,1070
8856,0.1563713,1071
1867,0.15620404,1072
3127,0.1561839,1073
8532,0.1560876,1074
2032,0.15604949,1075
2552,0.15602657,1076
4769,0.15602261,1077
1846,0.15600988,1078
4335,0.15599018,1079
6055,0.15597513,1080
2271,0.15595697,1081
4425,0.15586045,1082
8268,0.15581632,1083
1638,0.1557965,1084
8863,0.15572876,1085
5104,0.15569392,1086
7554,0.155648,1087
8881,0.15554568,1088
626,0.1554194,1089
9253,0.15535939,1090
8140,0.15530851,1091
1898,0.15525708,1092
1518,0.15513146,1093
1515,0.15510923,1094
640,0.15504639,1095
8858,0.15501246,1096
6463,0.15495825,1097
2741,0.15493113,1098
801,0.15485105,1099
6248,0.15481192,1100
8900,0.15478785,1101
7267,0.1547684,1102
7732,0.1547681,1103
9249,0.1547583,1104
7838,0.15474781,1105
575,0.15474638,1106
8294,0.15469451,1107
4426,0.15464422,1108
7353,0.1546162,1109
7853,0.15458708,1110
5062,0.15454707,1111
633,0.15453775,1112
1096,0.15449256,1113
2224,0.1544042,1114
436,0.1543647,1115
5358,0.15430975,1116
6205,0.15425205,1117
3947,0.15424812,1118
5981,0.15422575,1119
1319,0.15409017,1120
8927,0.1540406,1121
5807,0.1540291,1122
5666,0.15398353,1123
6750,0.15397045,1124
4583,0.15397009,1125
7179,0.15369847,1126
2942,0.15363684,1127
9899,0.1535379,1128
8100,0.1535308,1129
8416,0.15352789,1130
5914,0.1534856,1131
3381,0.15342541,1132
4171,0.15340342,1133
5970,0.15335387,1134
1875,0.15333578,1135
7993,0.15327738,1136
4018,0.15324956,1137
2970,0.1531851,1138
8533,0.15310922,1139
1426,0.15302047,1140
5317,0.15290129,1141
2340,0.15288231,1142
5237,0.15288168,1143
4625,0.15280688,1144
9935,0.15278736,1145
9344,0.15273234,1146
441,0.15272462,1147
6406,0.15267995,1148
4992,0.15259778,1149
2519,0.1525937,1150
9561,0.1525261,1151
5301,0.15248021,1152
3234,0.15247014,1153
4856,0.15244758,1154
3846,0.15243536,1155
5112,0.15240565,1156
8010,0.15234488,1157
1097,0.15229562,1158
8098,0.15213034,1159
3252,0.15199798,1160
491,0.15198565,1161
1584,0.15182066,1162
4605,0.15181094,1163
2855,0.15178326,1164
4574,0.15167123,1165
3271,0.15166193,1166
3335,0.15155348,1167
9782,0.15146592,1168
1429,0.1514436,1169
746,0.15142572,1170
5258,0.15141155,1171
2558,0.15139459,1172
3430,0.15136331,1173
1771,0.15135519,1174
1784,0.1513516,1175
5657,0.15130216,1176
887,0.15128255,1177
4503,0.1512631,1178
9785,0.15123677,1179
1782,0.151023,1180
1832,0.15096995,1181
4000,0.15094185,1182
4915,0.15093975,1183
765,0.15092328,1184
3470,0.15088576,1185
9275,0.15083033,1186
6718,0.15082976,1187
2990,0.15070587,1188
9826,0.15068504,1189
191,0.15068206,1190
7394,0.1506739,1191
7238,0.15063357,1192
6156,0.15062433,1193
6905,0.15062359,1194
6527,0.15060012,1195
8058,0.15048675,1196
1197,0.1504755,1197
3623,0.1504117,1198
9101,0.15036827,1199
2617,0.15036619,1200
9809,0.15034914,1201
6701,0.15032488,1202
8955,0.15029514,1203
4801,0.15029389,1204
7180,0.15026486,1205
8788,0.15025811,1206
4462,0.15024632,1207
4396,0.15021886,1208
2666,0.15013552,1209
5399,0.15002102,1210
4108,0.14999524,1211
9139,0.14998627,1212
6858,0.14997639,1213
782,0.14994451,1214
8306,0.14986637,1215
3858,0.14986375,1216
5464,0.14984837,1217
3351,0.14984351,1218
4987,0.14982742,1219
7028,0.14968887,1220
1208,0.1496472,1221
8789,0.14962703,1222
253,0.14956477,1223
488,0.14948416,1224
7607,0.14942765,1225
7406,0.14932722,1226
3616,0.14929491,1227
3207,0.14923227,1228
2323,0.14915514,1229
7756,0.14913921,1230
179,0.14905646,1231
4123,0.14903817,1232
1665,0.14896894,1233
2674,0.14890826,1234
2576,0.14890337,1235
5979,0.14887518,1236
4231,0.14887145,1237
2932,0.14882255,1238
2278,0.14879824,1239
2717,0.14879659,1240
4187,0.14873388,1241
8687,0.14869085,1242
434,0.14859024,1243
8151,0.14844106,1244
1878,0.14842913,1245
5599,0.14835238,1246
1417,0.14833248,1247
537,0.14826351,1248
367,0.14820161,1249
2363,0.14818846,1250
9518,0.14815553,1251
4041,0.14809501,1252
6109,0.14806351,1253
9451,0.14806163,1254
2069,0.14803618,1255
1853,0.14801322,1256
5354,0.14800149,1257
166,0.14793172,1258
1294,0.14789939,1259
8129,0.14789467,1260
5702,0.14785314,1261
3964,0.14772734,1262
183,0.14771941,1263
9894,0.14768466,1264
9744,0.14764407,1265
2270,0.14757854,1266
836,0.14754918,1267
3491,0.14752275,1268
5259,0.14751339,1269
7149,0.14747508,1270
1149,0.14743231,1271
3986,0.14741474,1272
199,0.14730164,1273
6602,0.14728284,1274
6633,0.14712809,1275
2749,0.14712724,1276
7550,0.14709505,1277
6139,0.14702469,1278
3668,0.14698738,1279
735,0.14692661,1280
4526,0.14687395,1281
5905,0.14687075,1282
2156,0.14684391,1283
500,0.14679499,1284
6577,0.14673126,1285
766,0.14652464,1286
5046,0.14636189,1287
9774,0.1462489,1288
5206,0.14622639,1289
6,0.14622429,1290
529,0.14614463,1291
3608,0.14595018,1292
1086,0.145901,1293
5243,0.14582899,1294
9286,0.14582351,1295
7905,0.14578709,1296
8205,0.14572847,1297
5440,0.14570177,1298
2113,0.14562166,1299
49,0.14552839,1300
52,0.14545165,1301
2673,0.14541814,1302
4759,0.14541678,1303
2828,0.1453884,1304
5024,0.14530039,1305
7373,0.14528564,1306
6061,0.14518899,1307
177,0.14516565,1308
91,0.14515021,1309
6972,0.14513719,1310
2136,0.14511928,1311
8920,0.14508933,1312
9896,0.14500678,1313
8461,0.14499015,1314
6207,0.14489311,1315
2779,0.14488167,1316
5611,0.14480013,1317
6110,0.14475465,1318
2833,0.14473183,1319
6618,0.14466482,1320
9126,0.14465615,1321
9887,0.14465585,1322
151,0.14438945,1323
7985,0.14430836,1324
4569,0.14426494,1325
40,0.14421345,1326
1865,0.14411637,1327
8634,0.14403969,1328
1168,0.14396872,1329
8547,0.14391631,1330
4946,0.14382681,1331
4226,0.14382268,1332
1111,0.14371708,1333
1023,0.14353633,1334
1273,0.14350101,1335
7386,0.14347047,1336
6345,0.14344966,1337
100,0.14344564,1338
3500,0.14338589,1339
4179,0.14336538,1340
3422,0.14330037,1341
182,0.14328548,1342
7064,0.14327818,1343
3586,0.14327478,1344
152,0.1432651,1345
9593,0.14322296,1346
773,0.14318368,1347
8013,0.1431795,1348
9802,0.14307764,1349
4229,0.1430752,1350
6774,0.14296037,1351
7393,0.14287603,1352
8076,0.14264831,1353
4008,0.14260817,1354
3706,0.14260578,1355
1374,0.14260155,1356
2751,0.14256947,1357
3291,0.1425601,1358
2541,0.14255992,1359
4674,0.14248076,1360
1203,0.14241627,1361
6754,0.14239943,1362
8857,0.14238518,1363
2362,0.14234641,1364
2888,0.14232795,1365
4269,0.14221169,1366
8979,0.14218414,1367
2530,0.14213333,1368
8685,0.14212766,1369
1348,0.14209929,1370
5879,0.14202952,1371
9388,0.1420171,1372
683,0.14200169,1373
6576,0.14199534,1374
1521,0.14198688,1375
2778,0.14197683,1376
3125,0.1419687,1377
4650,0.14191055,1378
4892,0.14186448,1379
5845,0.14184758,1380
5758,0.14182985,1381
6671,0.14177239,1382
7624,0.14162837,1383
4927,0.14159425,1384
9564,0.14152354,1385
4494,0.14151347,1386
5322,0.14151189,1387
9923,0.14146855,1388
3927,0.14138421,1389
5888,0.14134124,1390
2152,0.14121456,1391
8301,0.14096141,1392
7416,0.14094254,1393
6562,0.14090034,1394
5027,0.14088929,1395
8916,0.14086613,1396
7975,0.1407759,1397
5097,0.1407592,1398
4140,0.14070685,1399
9677,0.1406966,1400
4105,0.14069366,1401
3503,0.14069092,1402
1220,0.14068037,1403
1332,0.14064139,1404
1807,0.1405457,1405
8699,0.14047393,1406
6147,0.14038026,1407
6861,0.14029425,1408
8371,0.14023072,1409
8297,0.14019832,1410
4692,0.13992846,1411
9309,0.13989982,1412
6717,0.13989635,1413
1738,0.13989499,1414
3034,0.13988626,1415
6065,0.13985354,1416
5318,0.1398167,1417
5307,0.13977626,1418
4031,0.1396319,1419
4106,0.13956797,1420
1035,0.13955748,1421
7319,0.13950229,1422
949,0.13937658,1423
6832,0.13927935,1424
9660,0.13922442,1425
4019,0.13920021,1426
5252,0.1391406,1427
4998,0.13908628,1428
2286,0.13906813,1429
7879,0.13889751,1430
5585,0.13887873,1431
1557,0.13880366,1432
4634,0.13872212,1433
1095,0.13862935,1434
4554,0.13858266,1435
6409,0.13851345,1436
7961,0.13848227,1437
9445,0.1383535,1438
8427,0.13819584,1439
5708,0.13809234,1440
3370,0.13798797,1441
3187,0.13795972,1442
3286,0.13794386,1443
5439,0.13787025,1444
5868,0.13786978,1445
8120,0.13786106,1446
6350,0.13785854,1447
6911,0.13781813,1448
3418,0.13776189,1449
2551,0.13776135,1450
9875,0.13771163,1451
8690,0.1376614,1452
7368,0.13765544,1453
5049,0.13760456,1454
5040,0.13757771,1455
1697,0.13750234,1456
8836,0.13734435,1457
6675,0.13733122,1458
9541,0.13724816,1459
277,0.13720518,1460
1202,0.13720503,1461
8110,0.13713452,1462
7389,0.13711318,1463
4531,0.13710526,1464
1600,0.1371021,1465
8094,0.13704962,1466
7748,0.13704604,1467
891,0.13702321,1468
515,0.13698408,1469
197,0.136978,1470
7336,0.13694185,1471
1078,0.1368941,1472
414,0.13684267,1473
1045,0.13684183,1474
68,0.13680196,1475
4558,0.1367636,1476
2232,0.13660406,1477
7597,0.13659918,1478
1449,0.13658822,1479
2205,0.13653767,1480
4907,0.13648722,1481
415,0.13643923,1482
1393,0.13642368,1483
201,0.13641107,1484
7231,0.13639921,1485
2935,0.13634789,1486
1961,0.13633704,1487
3790,0.13629916,1488
2971,0.1362893,1489
1856,0.13628645,1490
9862,0.13621214,1491
6062,0.13607672,1492
5363,0.1360718,1493
3793,0.13601673,1494
2409,0.13587335,1495
7317,0.13581994,1496
7887,0.13579296,1497
6638,0.13560957,1498
3077,0.13558125,1499
6563,0.13558045,1500
2381,0.13552895,1501
7935,0.13547459,1502
4691,0.13547212,1503
5911,0.13546452,1504
6817,0.13542938,1505
5192,0.13542509,1506
2566,0.13541174,1507
8485,0.13540104,1508
7670,0.13539523,1509
8675,0.13539116,1510
9224,0.13536385,1511
8155,0.13534798,1512
2521,0.13531998,1513
1146,0.13530597,1514
3238,0.13527527,1515
9850,0.13524233,1516
9755,0.13523933,1517
602,0.13499343,1518
1371,0.1349335,1519
7402,0.13491672,1520
9577,0.1348871,1521
3016,0.13486016,1522
335,0.13478687,1523
1355,0.1347839,1524
2182,0.13470358,1525
148,0.13465294,1526
7859,0.13464616,1527
1114,0.13459426,1528
9905,0.13441971,1529
3544,0.13440448,1530
5603,0.13440177,1531
9022,0.13439286,1532
1517,0.13431841,1533
3829,0.1342427,1534
622,0.13411605,1535
3396,0.13409722,1536
4009,0.13395071,1537
8749,0.13393316,1538
7385,0.13391,1539
2680,0.13389674,1540
7190,0.13388744,1541
1157,0.13387695,1542
3493,0.13384974,1543
8210,0.13380703,1544
254,0.13376671,1545
6709,0.13364789,1546
6923,0.13358507,1547
5583,0.13348389,1548
3189,0.13343468,1549
1013,0.13343161,1550
6244,0.13343027,1551
1852,0.13340086,1552
6129,0.13326922,1553
7439,0.1332367,1554
2230,0.13309485,1555
8311,0.1330803,1556
7078,0.13301009,1557
7318,0.1329951,1558
8114,0.13294342,1559
9836,0.13282228,1560
784,0.13273272,1561
4308,0.13272634,1562
8480,0.13270962,1563
8113,0.132702,1564
268,0.13268837,1565
772,0.13264161,1566
833,0.1325571,1567
4370,0.13254373,1568
9180,0.13250595,1569
7348,0.13250014,1570
4990,0.1323781,1571
5371,0.13237143,1572
2380,0.13228038,1573
7653,0.13227382,1574
5798,0.13224363,1575
37,0.13217759,1576
158,0.13216701,1577
651,0.13216448,1578
4447,0.13205728,1579
7265,0.13202363,1580
8298,0.13192368,1581
7272,0.13189936,1582
2559,0.13180521,1583
1713,0.13180488,1584
2291,0.13175493,1585
8130,0.13167912,1586
7602,0.13154796,1587
5638,0.13148206,1588
9833,0.13142619,1589
1967,0.13141316,1590
339,0.13139129,1591
547,0.13126904,1592
5444,0.13126144,1593
3535,0.13118553,1594
2707,0.13118541,1595
6007,0.13117093,1596
7287,0.13116091,1597
2593,0.13115108,1598
808,0.13109466,1599
8075,0.13108188,1600
2760,0.13105962,1601
4124,0.13097462,1602
7249,0.130974,1603
9958,0.13097075,1604
7285,0.13095605,1605
5614,0.13083571,1606
4752,0.13077661,1607
9599,0.13072029,1608
4241,0.13064525,1609
7014,0.13059208,1610
9837,0.13058728,1611
1900,0.1305095,1612
2110,0.13046288,1613
5551,0.13042389,1614
5139,0.13037229,1615
6668,0.13033208,1616
442,0.13027957,1617
3468,0.13017824,1618
7902,0.1301288,1619
1507,0.13009474,1620
7114,0.13008922,1621
4355,0.13007396,1622
7204,0.1299716,1623
1551,0.12991044,1624
1797,0.12988389,1625
5189,0.12987258,1626
9330,0.1296739,1627
1735,0.12960672,1628
5800,0.1295962,1629
3169,0.129572,1630
6470,0.12955377,1631
3481,0.1295127,1632
811,0.12943012,1633
462,0.12939174,1634
7821,0.12933302,1635
925,0.12933289,1636
6655,0.12929064,1637
5232,0.12923639,1638
694,0.12922665,1639
2815,0.129219,1640
6814,0.12921792,1641
8052,0.12909833,1642
8706,0.12902427,1643
7170,0.12886697,1644
2350,0.12882254,1645
2402,0.1288167,1646
245,0.12877911,1647
9655,0.12877786,1648
5694,0.12872338,1649
2044,0.12870389,1650
8393,0.128506,1651
417,0.12849846,1652
3356,0.12846208,1653
4132,0.12837863,1654
6612,0.12836608,1655
8012,0.12826455,1656
8720,0.12825944,1657
7702,0.12825333,1658
9929,0.1282317,1659
1207,0.1281049,1660
7089,0.12809178,1661
9343,0.12808904,1662
5325,0.12808064,1663
3107,0.12805292,1664
9270,0.1280283,1665
3845,0.12796172,1666
2466,0.12794098,1667
6853,0.12791407,1668
3880,0.12784135,1669
1453,0.12779504,1670
437,0.12773791,1671
2399,0.12773383,1672
5471,0.1277233,1673
8237,0.12764785,1674
8695,0.12763515,1675
6956,0.12761053,1676
1380,0.12735748,1677
1325,0.12732661,1678
7998,0.12730211,1679
6408,0.12727079,1680
9937,0.12726119,1681
3781,0.12724602,1682
9748,0.12722199,1683
7322,0.12722021,1684
2276,0.12721798,1685
2081,0.12716576,1686
9764,0.12715909,1687
6017,0.127141,1688
9984,0.12712482,1689
8884,0.1271055,1690
8766,0.1270853,1691
7896,0.12699276,1692
5048,0.12694196,1693
2414,0.12689641,1694
8622,0.12689582,1695
9969,0.12681201,1696
6134,0.12681025,1697
1376,0.12675345,1698
3287,0.12670383,1699
9986,0.12670124,1700
5364,0.12665287,1701
206,0.12662971,1702
1789,0.12654108,1703
4052,0.12646553,1704
3140,0.12640199,1705
7169,0.12635162,1706
2529,0.12625921,1707
3025,0.12623256,1708
5030,0.12616664,1709
3516,0.12615868,1710
7482,0.12607414,1711
5484,0.12605788,1712
8545,0.12605476,1713
519,0.12604257,1714
3989,0.12596926,1715
7407,0.12591317,1716
497,0.12590869,1717
5209,0.12589687,1718
6934,0.12589297,1719
9432,0.12572256,1720
2845,0.12569126,1721
4359,0.12569034,1722
8781,0.12568131,1723
3576,0.12556788,1724
2193,0.12553638,1725
6366,0.1254794,1726
6349,0.12545465,1727
4607,0.1254501,1728
3386,0.12541467,1729
8600,0.1254107,1730
5917,0.1253295,1731
3425,0.12528281,1732
627,0.12526268,1733
9503,0.12522393,1734
4833,0.12515774,1735
7345,0.12515306,1736
624,0.12511337,1737
4315,0.12506884,1738
3693,0.12504056,1739
2694,0.12504014,1740
3040,0.12503877,1741
1916,0.12499681,1742
4378,0.12498629,1743
6356,0.12490024,1744
3646,0.12485555,1745
8977,0.12485379,1746
9477,0.124774516,1747
4050,0.12476081,1748
7847,0.12473321,1749
3569,0.12473181,1750
9568,0.124709934,1751
3361,0.12468812,1752
8410,0.12466651,1753
3336,0.12459773,1754
9996,0.124590546,1755
2872,0.124544024,1756
7070,0.12453821,1757
2250,0.12453796,1758
2963,0.124498606,1759
4172,0.124492526,1760
3889,0.12446827,1761
278,0.12445116,1762
9775,0.12443283,1763
6896,0.12442042,1764
9661,0.12437403,1765
9244,0.12437177,1766
324,0.12433097,1767
4245,0.12420744,1768
5236,0.12414315,1769
7772,0.12409276,1770
8975,0.124090075,1771
5198,0.124073684,1772
5174,0.1240482,1773
205,0.12389569,1774
5238,0.123743296,1775
9379,0.12373605,1776
5540,0.12372577,1777
1509,0.123717815,1778
5787,0.12371768,1779
3475,0.12362468,1780
3654,0.12360236,1781
8044,0.12359899,1782
5230,0.12351158,1783
2395,0.12349409,1784
7201,0.1234905,1785
3513,0.123423755,1786
6300,0.123373896,1787
4853,0.12335536,1788
3346,0.12329972,1789
4092,0.12320039,1790
4155,0.12317042,1791
8595,0.1231561,1792
928,0.1230903,1793
3175,0.12304345,1794
9021,0.12303558,1795
1469,0.123010844,1796
9678,0.12298149,1797
6769,0.1229704,1798
2369,0.1229012,1799
3888,0.12284985,1800
9199,0.12283516,1801
1330,0.122781545,1802
9095,0.12275189,1803
1772,0.12272334,1804
4730,0.122716084,1805
1749,0.12261893,1806
5776,0.12260762,1807
8006,0.12255177,1808
9525,0.12249112,1809
3877,0.12248582,1810
7401,0.12247926,1811
5400,0.12238751,1812
7614,0.122381836,1813
9048,0.12238124,1814
5323,0.122356385,1815
3579,0.12233794,1816
9531,0.12228635,1817
1587,0.12227109,1818
4985,0.122264326,1819
1605,0.1222119,1820
855,0.122161,1821
6502,0.12207416,1822
5231,0.12205708,1823
1693,0.12203249,1824
1150,0.12195468,1825
9414,0.12191057,1826
2750,0.12190941,1827
1110,0.12188539,1828
5716,0.121884584,1829
5131,0.121779025,1830
9098,0.12177396,1831
8398,0.12175244,1832
6682,0.1217452,1833
8969,0.121641755,1834
1565,0.12162459,1835
5559,0.121620685,1836
4219,0.12154657,1837
4869,0.12152228,1838
7073,0.12151539,1839
4096,0.12150353,1840
5857,0.12149891,1841
625,0.121486425,1842
6053,0.121471345,1843
3835,0.12144008,1844
9913,0.121412754,1845
6955,0.12134379,1846
3534,0.12133914,1847
1259,0.121325105,1848
7668,0.12131949,1849
7162,0.12131128,1850
8832,0.12125915,1851
8628,0.12124708,1852
7508,0.1212343,1853
478,0.121228516,1854
2926,0.12120801,1855
9091,0.12119767,1856
1363,0.121194094,1857
2298,0.12115732,1858
8355,0.12093109,1859
8780,0.120918155,1860
471,0.12085858,1861
1125,0.1208576,1862
7213,0.120815665,1863
9433,0.120721444,1864
8910,0.12070021,1865
7942,0.12069678,1866
3857,0.120684564,1867
6461,0.120622635,1868
3558,0.12059939,1869
4970,0.120576024,1870
764,0.12054312,1871
4874,0.120538354,1872
310,0.12051606,1873
2394,0.12050551,1874
9232,0.12038612,1875
1760,0.12037152,1876
7465,0.12036833,1877
3027,0.12032777,1878
4823,0.12030321,1879
5382,0.12029421,1880
2319,0.12027511,1881
4543,0.12027034,1882
234,0.12026629,1883
5606,0.12024486,1884
2819,0.12020591,1885
2078,0.120203316,1886
2882,0.12018475,1887
4360,0.120170444,1888
5118,0.12012941,1889
1324,0.12012753,1890
5414,0.120099664,1891
6536,0.12008193,1892
5336,0.12004912,1893
6945,0.12003568,1894
8468,0.12002838,1895
9179,0.12002686,1896
5836,0.11997658,1897
8329,0.119975,1898
837,0.119968355,1899
1056,0.11993903,1900
6697,0.11989093,1901
5068,0.11988446,1902
1039,0.11981948,1903
101,0.119817615,1904
1964,0.11981693,1905
1357,0.119799495,1906
6209,0.11979404,1907
122,0.11976415,1908
1826,0.119757,1909
4685,0.11967775,1910
17,0.11962637,1911
688,0.119579285,1912
2037,0.11955182,1913
7435,0.119550794,1914
9480,0.11952573,1915
8658,0.119499296,1916
1990,0.11948532,1917
6060,0.11946416,1918
5465,0.119408965,1919
1264,0.119405195,1920
9854,0.11937851,1921
8097,0.119329214,1922
5760,0.11928764,1923
4585,0.119261,1924
3508,0.11919394,1925
1703,0.11913559,1926
867,0.11913276,1927
4386,0.11911574,1928
5575,0.119084805,1929
6419,0.119083166,1930
5709,0.11901796,1931
5506,0.11901379,1932
9988,0.11900623,1933
5355,0.11899671,1934
3511,0.11898297,1935
6271,0.11885396,1936
347,0.11885303,1937
2767,0.1188038,1938
8343,0.11878055,1939
4194,0.11872423,1940
9192,0.118721545,1941
763,0.11862975,1942
4525,0.118619084,1943
5564,0.11860788,1944
2536,0.11858532,1945
657,0.11856192,1946
2288,0.1185582,1947
8217,0.11853936,1948
3479,0.118502766,1949
1009,0.11847997,1950
9130,0.11832364,1951
8422,0.11831978,1952
8978,0.11825168,1953
6623,0.118248075,1954
8514,0.118165866,1955
4898,0.11810571,1956
2467,0.1180706,1957
6125,0.11794087,1958
8883,0.117933676,1959
156,0.11791533,1960
1817,0.117898285,1961
6226,0.11787832,1962
3006,0.117789716,1963
2852,0.11777663,1964
1434,0.11765471,1965
3518,0.11763996,1966
2856,0.11762574,1967
573,0.11749798,1968
7141,0.11748642,1969
7832,0.11746848,1970
6448,0.117369175,1971
6259,0.11734253,1972
7542,0.11729577,1973
6101,0.11724445,1974
8395,0.117134064,1975
4657,0.11713338,1976
1755,0.11712858,1977
7617,0.11709225,1978
4740,0.11707997,1979
4145,0.11700401,1980
9957,0.1170032,1981
1969,0.11700204,1982
4089,0.1169796,1983
3594,0.11697331,1984
1977,0.11695814,1985
5073,0.11694881,1986
6288,0.11693579,1987
8296,0.1168364,1988
2739,0.11683142,1989
1451,0.11681792,1990
250,0.116809666,1991
9623,0.11678648,1992
402,0.11671758,1993
1726,0.11668244,1994
2948,0.11663261,1995
9906,0.11662328,1996
4118,0.11661869,1997
7377,0.11660609,1998
9742,0.11653587,1999
6044,0.1165196,2000
5279,0.11643425,2001
3691,0.11641252,2002
2101,0.116398126,2003
256,0.11637685,2004
4893,0.1162976,2005
9600,0.11628035,2006
3981,0.1162485,2007
6314,0.11624688,2008
4941,0.11622292,2009
9509,0.11616555,2010
4217,0.116158545,2011
1076,0.1161249,2012
7183,0.11608121,2013
4546,0.116043925,2014
4756,0.11602995,2015
9261,0.11598192,2016
7938,0.11597592,2017
4594,0.11586946,2018
2923,0.11586088,2019
3891,0.11584991,2020
7572,0.11583182,2021
1213,0.11576976,2022
8635,0.11573911,2023
1252,0.11569148,2024
5216,0.115689754,2025
7933,0.115659,2026
8415,0.11558616,2027
1063,0.11552799,2028
5315,0.11546001,2029
4784,0.11543256,2030
7232,0.115421206,2031
700,0.11536136,2032
280,0.115333736,2033
165,0.11531955,2034
6947,0.115293175,2035
5885,0.115270704,2036
6302,0.115270674,2037
55,0.11524236,2038
8841,0.1152336,2039
5195,0.115226746,2040
7245,0.11520368,2041
814,0.11520025,2042
8367,0.11516243,2043
1077,0.11515269,2044
4369,0.11512697,2045
9595,0.11510414,2046
8240,0.11510098,2047
479,0.115088046,2048
1412,0.11507538,2049
4268,0.11504041,2050
2951,0.11501858,2051
3208,0.115000546,2052
8235,0.114993095,2053
9680,0.114857465,2054
9687,0.11483085,2055
4612,0.11479974,2056
8584,0.114793,2057
680,0.11477199,2058
3243,0.11475234,2059
9401,0.11474162,2060
7025,0.114741445,2061
1963,0.11466691,2062
321,0.11466375,2063
2664,0.11465651,2064
1949,0.11463013,2065
258,0.11461085,2066
8929,0.11455238,2067
3297,0.11440799,2068
978,0.11431524,2069
7620,0.11430752,2070
59,0.114284456,2071
73,0.11426732,2072
2958,0.11426726,2073
1741,0.11426115,2074
9282,0.11425918,2075
1055,0.11422789,2076
9691,0.114216894,2077
3122,0.11417934,2078
5818,0.114144444,2079
9489,0.114103705,2080
2683,0.11402106,2081
2921,0.11400172,2082
8818,0.113974094,2083
4352,0.113928705,2084
2631,0.11390886,2085
6974,0.11382419,2086
931,0.11380926,2087
6278,0.11376616,2088
6785,0.11370355,2089
974,0.11363706,2090
6385,0.1136367,2091
671,0.11363444,2092
2578,0.11361995,2093
696,0.1135793,2094
7650,0.11351022,2095
8588,0.113479614,2096
9395,0.113476455,2097
2354,0.113452256,2098
3053,0.113441974,2099
5064,0.11339769,2100
1767,0.11338624,2101
8704,0.11333616,2102
3058,0.11328137,2103
4871,0.11326638,2104
4115,0.11319485,2105
4363,0.11319217,2106
5067,0.11317685,2107
2118,0.1131646,2108
7260,0.1131618,2109
5219,0.113091946,2110
4139,0.113087654,2111
9711,0.11304152,2112
1806,0.11304012,2113
9210,0.11303961,2114
6091,0.113010734,2115
5034,0.11296591,2116
5670,0.11294101,2117
9475,0.11293492,2118
9041,0.11292231,2119
4984,0.11290696,2120
2757,0.11289325,2121
884,0.11283499,2122
1132,0.11279577,2123
5685,0.11277291,2124
2557,0.112715185,2125
6856,0.11271188,2126
6590,0.11270648,2127
9970,0.11268109,2128
6247,0.11266714,2129
9166,0.112636685,2130
813,0.11259979,2131
6687,0.112594426,2132
6389,0.11258966,2133
1913,0.112588614,2134
9757,0.11258364,2135
5944,0.112544894,2136
1080,0.11254054,2137
3494,0.11252847,2138
5217,0.1125232,2139
6910,0.11251286,2140
1424,0.11250776,2141
904,0.112496465,2142
2854,0.11247063,2143
3780,0.11245498,2144
1567,0.11244798,2145
2213,0.11244196,2146
7483,0.112437546,2147
4678,0.11242479,2148
2183,0.11240354,2149
8906,0.1123839,2150
8396,0.112360746,2151
2373,0.11235896,2152
355,0.11227435,2153
7919,0.112258315,2154
5568,0.11222744,2155
7575,0.11221194,2156
1089,0.11218324,2157
7174,0.112181455,2158
5038,0.1121566,2159
7514,0.112149924,2160
2147,0.112115234,2161
6170,0.1120961,2162
5893,0.112091005,2163
1011,0.1120531,2164
524,0.11204061,2165
1300,0.11201629,2166
3301,0.11199245,2167
4178,0.11196074,2168
2550,0.11192334,2169
4222,0.11192328,2170
8730,0.11187953,2171
4053,0.111870736,2172
252,0.11184871,2173
7735,0.11183968,2174
3965,0.11183816,2175
1404,0.111812025,2176
5848,0.11180377,2177
2334,0.11173874,2178
3848,0.11173552,2179
2572,0.11170417,2180
6933,0.11161131,2181
379,0.11161083,2182
418,0.111578465,2183
9881,0.11156872,2184
5831,0.11155301,2185
5762,0.11155206,2186
8377,0.111535996,2187
305,0.1115109,2188
9155,0.1114586,2189
5461,0.11142418,2190
7781,0.11140816,2191
6518,0.11139485,2192
2498,0.111386836,2193
314,0.11137104,2194
3458,0.11133814,2195
770,0.11133772,2196
1102,0.111330956,2197
1128,0.11129457,2198
1478,0.11127949,2199
8373,0.11126554,2200
5116,0.11124122,2201
5514,0.11120556,2202
2223,0.111154675,2203
8215,0.11115134,2204
5345,0.11110613,2205
6841,0.111103654,2206
605,0.111094266,2207
975,0.111017436,2208
275,0.1110127,2209
8490,0.11100696,2210
1257,0.110976875,2211
4982,0.11097476,2212
4487,0.11096752,2213
6311,0.11096248,2214
5320,0.110959604,2215
2726,0.11095229,2216
1489,0.11094579,2217
7440,0.11094409,2218
7173,0.110919505,2219
4557,0.11087811,2220
3928,0.11076301,2221
9056,0.110735476,2222
7768,0.11073518,2223
606,0.110732675,2224
2196,0.110717505,2225
8135,0.110716164,2226
8982,0.110710785,2227
533,0.11067414,2228
4421,0.11060399,2229
5856,0.11058384,2230
3619,0.11055532,2231
1485,0.11055413,2232
4735,0.110539585,2233
9215,0.11052877,2234
8701,0.110527545,2235
4721,0.11049989,2236
6465,0.11048433,2237
3743,0.11045882,2238
7495,0.11045286,2239
7729,0.110435456,2240
3095,0.110414356,2241
5679,0.110364676,2242
4174,0.11033861,2243
398,0.11025339,2244
2495,0.11025196,2245
6992,0.11023408,2246
6263,0.11018062,2247
835,0.110167876,2248
6144,0.11015025,2249
8173,0.11007762,2250
9066,0.11005521,2251
4423,0.11002594,2252
6658,0.11002016,2253
8397,0.109987944,2254
368,0.10997543,2255
365,0.109926194,2256
9065,0.10991326,2257
9208,0.10989812,2258
84,0.10989478,2259
6386,0.10987851,2260
7392,0.1098775,2261
2642,0.10982022,2262
377,0.10981965,2263
8411,0.10978663,2264
2851,0.10975501,2265
7547,0.10973674,2266
8226,0.10972199,2267
1925,0.10966742,2268
2993,0.109656885,2269
124,0.10961056,2270
2989,0.109591305,2271
7634,0.1095911,2272
8086,0.10957557,2273
5020,0.10944238,2274
5070,0.10943812,2275
1946,0.10942572,2276
6508,0.10942036,2277
7665,0.109377414,2278
4966,0.10929832,2279
1452,0.109253675,2280
7296,0.10922772,2281
1607,0.10919562,2282
5736,0.10917935,2283
968,0.10917762,2284
6906,0.10915226,2285
4747,0.10911369,2286
8016,0.10908741,2287
9222,0.10906601,2288
9713,0.10902363,2289
6574,0.10901505,2290
7055,0.108974755,2291
8108,0.108955085,2292
5123,0.10893431,2293
1532,0.10892886,2294
7579,0.10889596,2295
9671,0.1088793,2296
5332,0.10886747,2297
5328,0.10883188,2298
3293,0.10876724,2299
6192,0.10875219,2300
9121,0.10874015,2301
5411,0.10873833,2302
233,0.108735204,2303
7894,0.10868195,2304
6541,0.108665615,2305
4611,0.108662814,2306
6283,0.10866,2307
7836,0.10857308,2308
2834,0.108560264,2309
6482,0.10855332,2310
2435,0.10854554,2311
8665,0.10850778,2312
2511,0.10850674,2313
351,0.10848796,2314
6099,0.10847771,2315
6320,0.108469635,2316
7303,0.10844061,2317
5435,0.10840613,2318
6365,0.1083976,2319
484,0.10838568,2320
7754,0.10837501,2321
7043,0.10832542,2322
908,0.108311296,2323
5270,0.10831061,2324
6637,0.10830322,2325
3699,0.10826242,2326
3980,0.10825524,2327
6608,0.1082391,2328
8993,0.108198225,2329
7133,0.10817438,2330
5193,0.10813595,2331
7155,0.10810515,2332
9338,0.108042404,2333
7147,0.10803226,2334
5761,0.10802165,2335
3144,0.10800281,2336
7289,0.10799983,2337
2208,0.1079804,2338
719,0.10796097,2339
381,0.107958674,2340
6442,0.10794696,2341
5604,0.10794082,2342
2996,0.10792549,2343
7661,0.10790017,2344
4556,0.107806474,2345
2675,0.10779315,2346
9140,0.10777882,2347
7192,0.107737064,2348
2862,0.107725024,2349
3648,0.107640415,2350
266,0.10763693,2351
1971,0.107586026,2352
9948,0.1075753,2353
4819,0.10755791,2354
794,0.107553005,2355
6757,0.107531875,2356
1918,0.107461095,2357
9800,0.1074515,2358
421,0.107396394,2359
3035,0.10734585,2360
1335,0.10732621,2361
8915,0.10728693,2362
2013,0.10728362,2363
6353,0.10725781,2364
7395,0.10722867,2365
4618,0.10721263,2366
4767,0.10712737,2367
2311,0.10710141,2368
8621,0.10707295,2369
1674,0.10706207,2370
2016,0.107014924,2371
8664,0.10700759,2372
5595,0.10697803,2373
3294,0.10697037,2374
4233,0.10696605,2375
6210,0.10695052,2376
1274,0.10693064,2377
1145,0.10692853,2378
8616,0.10691908,2379
7865,0.10690841,2380
5750,0.10686934,2381
430,0.1068479,2382
3115,0.10679546,2383
8152,0.1067816,2384
3086,0.106739044,2385
751,0.10673283,2386
2098,0.10673258,2387
5655,0.10672799,2388
1522,0.10667187,2389
7868,0.10666615,2390
5937,0.106619895,2391
7916,0.10661596,2392
7274,0.106597185,2393
2696,0.10655841,2394
2400,0.10655305,2395
4748,0.10653344,2396
5102,0.10643628,2397
4136,0.10641813,2398
164,0.10639995,2399
9698,0.10634524,2400
9013,0.106310815,2401
1459,0.10623714,2402
7099,0.10622463,2403
1106,0.10617034,2404
2281,0.10616213,2405
8748,0.10614157,2406
3601,0.10608125,2407
6967,0.10603589,2408
5967,0.106024414,2409
9436,0.10601726,2410
705,0.105986655,2411
450,0.10590464,2412
7056,0.10584551,2413
1343,0.1058352,2414
4292,0.10578817,2415
9519,0.10577263,2416
1921,0.10575381,2417
8909,0.10574475,2418
4110,0.10567027,2419
1004,0.10566378,2420
9791,0.10565534,2421
6395,0.10564032,2422
308,0.1056333,2423
3991,0.105596066,2424
9465,0.10558754,2425
8253,0.10557422,2426
3133,0.10556054,2427
7822,0.10554436,2428
2292,0.105537415,2429
5359,0.10548568,2430
3959,0.10546434,2431
2590,0.10546151,2432
3021,0.10545814,2433
248,0.105427355,2434
5982,0.105409175,2435
6738,0.10540661,2436
9931,0.10539758,2437
5969,0.10537329,2438
6600,0.10532093,2439
5623,0.105304986,2440
4485,0.10522136,2441
3864,0.105199695,2442
3868,0.105170876,2443
939,0.10513216,2444
5582,0.10510841,2445
6796,0.10510406,2446
2173,0.10507062,2447
4037,0.10487497,2448
6707,0.10479829,2449
4533,0.10474941,2450
7139,0.104721755,2451
8284,0.104712754,2452
8324,0.10471037,2453
4093,0.10468665,2454
3179,0.10467547,2455
9312,0.1046626,2456
288,0.104616225,2457
9319,0.10461041,2458
3823,0.10457331,2459
271,0.104563415,2460
2333,0.104539484,2461
2418,0.104513705,2462
2393,0.10450634,2463
2949,0.104454964,2464
9520,0.10444993,2465
86,0.10438344,2466
6581,0.104369015,2467
1430,0.10425502,2468
3457,0.10424602,2469
747,0.10424045,2470
2432,0.10422936,2471
8497,0.10410541,2472
3088,0.10409421,2473
665,0.10407767,2474
1088,0.10406861,2475
659,0.1040608,2476
1368,0.10405895,2477
2686,0.10402408,2478
1,0.10401985,2479
1597,0.1039615,2480
9513,0.10395983,2481
5452,0.103957325,2482
5696,0.10395691,2483
4997,0.103946894,2484
2809,0.1039314,2485
328,0.10391888,2486
6837,0.10387662,2487
8805,0.10385898,2488
2397,0.103834644,2489
8556,0.103790075,2490
5749,0.103758335,2491
4646,0.10373959,2492
3850,0.10370749,2493
4591,0.10370311,2494
5629,0.10365775,2495
1768,0.10365102,2496
1281,0.10364026,2497
3804,0.10356268,2498
1367,0.10355097,2499
5223,0.1034196,2500
5724,0.103404015,2501
4663,0.103391826,2502
3982,0.10338095,2503
8560,0.10337871,2504
9606,0.1033681,2505
5906,0.10336542,2506
7720,0.10336059,2507
2962,0.103355706,2508
243,0.10332984,2509
6335,0.103321314,2510
3126,0.10324076,2511
269,0.10323909,2512
4432,0.103227615,2513
9438,0.10321456,2514
2360,0.10320932,2515
5197,0.10316923,2516
5390,0.10313329,2517
5886,0.103122145,2518
3714,0.10310811,2519
7366,0.10309425,2520
5170,0.103085905,2521
1966,0.103024065,2522
7365,0.10297921,2523
448,0.102962255,2524
9943,0.10293147,2525
2260,0.102843866,2526
4824,0.10282737,2527
8823,0.102820545,2528
6848,0.10281256,2529
3185,0.10277969,2530
5515,0.102757856,2531
8432,0.10274094,2532
8166,0.10273349,2533
5339,0.102656394,2534
7646,0.10265538,2535
576,0.102647126,2536
6344,0.102642655,2537
4483,0.102632046,2538
315,0.102594554,2539
7541,0.10257873,2540
6048,0.102570236,2541
4679,0.1025075,2542
1446,0.10250506,2543
2525,0.102476716,2544
5674,0.10246684,2545
1016,0.102431834,2546
7785,0.10243076,2547
7115,0.102395535,2548
6450,0.102372974,2549
9650,0.10231751,2550
4380,0.10227078,2551
2384,0.10226232,2552
7379,0.102250785,2553
8290,0.10223326,2554
3404,0.10222317,2555
5545,0.10219753,2556
3304,0.10217574,2557
6401,0.10215086,2558
3266,0.10212898,2559
8989,0.10211119,2560
668,0.102098316,2561
3919,0.10209143,2562
5855,0.10209143,2563
3029,0.1020599,2564
6260,0.10202956,2565
2714,0.10201526,2566
6438,0.10201478,2567
5942,0.10199964,2568
6002,0.10198623,2569
1338,0.10195249,2570
6922,0.101918966,2571
186,0.10190341,2572
3975,0.101858884,2573
1719,0.10184172,2574
1673,0.101836294,2575
7767,0.101818144,2576
6070,0.10179314,2577
1068,0.101778835,2578
3568,0.10175675,2579
757,0.10171977,2580
5542,0.101714075,2581
3514,0.10171062,2582
5637,0.101626754,2583
9780,0.10156706,2584
3730,0.1015504,2585
1554,0.101532996,2586
6307,0.1015085,2587
7849,0.10147521,2588
4086,0.10146926,2589
4435,0.1014331,2590
8433,0.10139656,2591
1091,0.10138962,2592
1989,0.10136175,2593
7843,0.10133901,2594
7217,0.101334065,2595
6676,0.1013138,2596
9017,0.10129461,2597
6557,0.1012651,2598
4038,0.10123408,2599
5161,0.101198256,2600
3195,0.10115403,2601
613,0.101145566,2602
2430,0.10113451,2603
2901,0.1011208,2604
2092,0.10111874,2605
1611,0.101116955,2606
5985,0.101082176,2607
2791,0.1010814,2608
8070,0.10103309,2609
2287,0.10099551,2610
1152,0.10094571,2611
1231,0.100940555,2612
1409,0.100926846,2613
8199,0.10081825,2614
6068,0.10081139,2615
9490,0.10080153,2616
5665,0.10079202,2617
3753,0.100762784,2618
8469,0.10074782,2619
3644,0.100741744,2620
8473,0.100726694,2621
6876,0.10071999,2622
1982,0.100657195,2623
2206,0.10064545,2624
4696,0.100645155,2625
5948,0.100633696,2626
1627,0.10061431,2627
3426,0.10059112,2628
4955,0.100584865,2629
540,0.10058159,2630
4002,0.1005795,2631
9639,0.10054964,2632
8364,0.10051414,2633
3862,0.100503534,2634
2913,0.10047841,2635
8401,0.10047653,2636
3497,0.10047075,2637
714,0.1004495,2638
7963,0.10044226,2639
9907,0.100431085,2640
1388,0.100402296,2641
6598,0.10037956,2642
9258,0.100317955,2643
3970,0.10031423,2644
8499,0.10029936,2645
2831,0.10025081,2646
565,0.10024363,2647
4366,0.1002121,2648
2018,0.100137174,2649
9733,0.100132406,2650
7777,0.10012016,2651
639,0.10010877,2652
6484,0.100090444,2653
8383,0.100057304,2654
2022,0.10005584,2655
6752,0.10005003,2656
6238,0.10000217,2657
9638,0.10000208,2658
7354,0.10000098,2659
6872,0.099986345,2660
9356,0.09996915,2661
8026,0.0999645,2662
2676,0.09996027,2663
5425,0.099950284,2664
4733,0.099949986,2665
9076,0.09991276,2666
1289,0.09991154,2667
8326,0.09989485,2668
5218,0.09989405,2669
2688,0.09988141,2670
7311,0.09986001,2671
9036,0.09985328,2672
8772,0.09980473,2673
940,0.09979296,2674
8880,0.0997895,2675
5690,0.099747956,2676
9778,0.09973055,2677
4986,0.09971881,2678
8645,0.09971875,2679
9053,0.09966725,2680
4358,0.09966503,2681
5573,0.099665016,2682
4102,0.09962049,2683
1249,0.09961006,2684
7048,0.09959242,2685
3815,0.099591255,2686
3694,0.09947735,2687
4654,0.09945944,2688
5381,0.09944731,2689
6513,0.099431306,2690
5933,0.09940919,2691
7695,0.099402696,2692
5975,0.09936577,2693
2216,0.0993599,2694
8068,0.09935427,2695
9523,0.0993247,2696
5497,0.09931269,2697
8594,0.09929627,2698
4547,0.099295616,2699
9015,0.09924364,2700
9389,0.09920934,2701
6160,0.099199,2702
9100,0.09919697,2703
2748,0.09919223,2704
3603,0.09916207,2705
2692,0.09913778,2706
1835,0.09912884,2707
6537,0.09910092,2708
4017,0.099012315,2709
7545,0.0989818,2710
2610,0.09895426,2711
6231,0.098946065,2712
6155,0.098934054,2713
958,0.09893069,2714
4072,0.09888089,2715
4684,0.09886879,2716
3821,0.098848015,2717
7871,0.09884794,2718
9464,0.09883481,2719
5821,0.09883201,2720
4448,0.09882337,2721
7559,0.098789036,2722
4173,0.09877691,2723
6743,0.09874219,2724
3085,0.09872627,2725
8477,0.09871939,2726
3159,0.098716944,2727
9474,0.098680645,2728
3501,0.0986751,2729
7815,0.098612756,2730
4163,0.09861058,2731
8930,0.098603666,2732
4837,0.09859848,2733
6239,0.098581225,2734
9050,0.09857434,2735
1625,0.09857309,2736
1265,0.09853387,2737
291,0.098525226,2738
3118,0.09852287,2739
3397,0.09851217,2740
3985,0.098490655,2741
3156,0.09848726,2742
4729,0.09846738,2743
6202,0.098462254,2744
9820,0.098454505,2745
270,0.09840667,2746
9488,0.098406225,2747
2770,0.09837201,2748
4135,0.09836841,2749
9922,0.0983125,2750
7912,0.098266244,2751
1463,0.09823036,2752
7369,0.09820849,2753
1420,0.09819713,2754
2615,0.09818259,2755
979,0.09818146,2756
7898,0.098115474,2757
5250,0.09805718,2758
353,0.098038435,2759
6176,0.09803262,2760
4967,0.09800482,2761
3696,0.09799653,2762
6509,0.09799142,2763
4623,0.09798527,2764
6163,0.097958684,2765
4719,0.09794736,2766
8574,0.097930014,2767
2148,0.09792751,2768
1354,0.09792104,2769
596,0.0978896,2770
3976,0.09788932,2771
2424,0.09777525,2772
9904,0.097726464,2773
3099,0.09771553,2774
3256,0.097670004,2775
3890,0.097647905,2776
6204,0.09761575,2777
3255,0.09760898,2778
5537,0.097577274,2779
6219,0.097567946,2780
8195,0.097543865,2781
5567,0.09753117,2782
187,0.09750396,2783
6370,0.097497374,2784
8218,0.09743105,2785
2436,0.09742296,2786
9141,0.097403586,2787
9027,0.09737563,2788
5858,0.097323745,2789
8981,0.097311884,2790
6440,0.09727034,2791
7721,0.09726879,2792
1246,0.09725776,2793
6761,0.09724522,2794
954,0.097156495,2795
4220,0.09711322,2796
4894,0.09710935,2797
7611,0.097102225,2798
6762,0.09709343,2799
4090,0.097075075,2800
5520,0.09703386,2801
6198,0.09701958,2802
1248,0.09701574,2803
2633,0.097007334,2804
779,0.096975684,2805
1653,0.09696418,2806
6498,0.09695935,2807
2014,0.09695226,2808
8109,0.096886694,2809
7730,0.096877426,2810
202,0.09684363,2811
7219,0.09683859,2812
3810,0.09681362,2813
7557,0.09679675,2814
4880,0.096779495,2815
6141,0.096763015,2816
4012,0.0967606,2817
1400,0.096749276,2818
724,0.09670329,2819
1000,0.096690625,2820
8571,0.09666401,2821
4942,0.09666011,2822
6847,0.0966582,2823
3054,0.09665367,2824
6788,0.09664875,2825
1956,0.09664866,2826
2090,0.09659639,2827
9760,0.096497506,2828
9363,0.096473604,2829
7864,0.0964371,2830
6985,0.09642115,2831
7033,0.09640053,2832
6730,0.09638968,2833
7273,0.09633437,2834
1340,0.09632951,2835
5728,0.0963195,2836
701,0.0962829,2837
6990,0.09627554,2838
1391,0.09627426,2839
6917,0.09624842,2840
4774,0.09624565,2841
8639,0.09621903,2842
72,0.09620902,2843
1839,0.0961647,2844
1312,0.09614062,2845
5081,0.09608674,2846
77,0.09608057,2847
1843,0.09607303,2848
8303,0.09607023,2849
9940,0.096054286,2850
7582,0.09604809,2851
1668,0.09604126,2852
8342,0.096036255,2853
1262,0.096033156,2854
5100,0.096027136,2855
4405,0.09599462,2856
4773,0.09598154,2857
200,0.09596193,2858
7921,0.09595549,2859
9522,0.095915824,2860
6265,0.09590116,2861
7616,0.09584245,2862
2145,0.09583968,2863
319,0.09583494,2864
9858,0.09581587,2865
5732,0.095786124,2866
2444,0.09577611,2867
3012,0.09576264,2868
693,0.095761165,2869
2181,0.09566736,2870
300,0.0956296,2871
8791,0.09561938,2872
9795,0.09561303,2873
9316,0.09560865,2874
4152,0.095602125,2875
8491,0.09559888,2876
7329,0.09559423,2877
7656,0.095558345,2878
4374,0.095529586,2879
3635,0.09551349,2880
9001,0.09550914,2881
5090,0.09547293,2882
4117,0.095439464,2883
3424,0.095430136,2884
5600,0.095418006,2885
7713,0.09537858,2886
4675,0.09537825,2887
2332,0.095374435,2888
8854,0.095362365,2889
4440,0.09535119,2890
4592,0.095327914,2891
6699,0.095327735,2892
5402,0.09529641,2893
5384,0.095290005,2894
3239,0.09528303,2895
7792,0.09521234,2896
3253,0.09520221,2897
4142,0.09519175,2898
8721,0.09516567,2899
2565,0.09516451,2900
8081,0.095143795,2901
4365,0.095136404,2902
6112,0.09509185,2903
5373,0.09508972,2904
175,0.0950748,2905
9967,0.09504998,2906
397,0.09504387,2907
5651,0.09501538,2908
689,0.09501016,2909
6229,0.09499782,2910
4841,0.09496632,2911
4265,0.09496203,2912
9851,0.09496194,2913
316,0.09495047,2914
2732,0.094944745,2915
142,0.09492734,2916
5110,0.09488547,2917
7626,0.094867975,2918
3710,0.09481901,2919
2073,0.09479746,2920
9784,0.09479231,2921
4353,0.094777375,2922
5884,0.09477115,2923
560,0.09475386,2924
4257,0.09471965,2925
7651,0.09469962,2926
8877,0.09467912,2927
226,0.09467162,2928
8204,0.09465343,2929
6646,0.0946514,2930
1984,0.09464085,2931
7635,0.094612,2932
6713,0.09460577,2933
6961,0.09457421,2934
2650,0.09456815,2935
10,0.09456357,2936
6506,0.09455344,2937
7066,0.09450802,2938
446,0.09450582,2939
5571,0.094502956,2940
6136,0.09448278,2941
3390,0.09437969,2942
5492,0.09429857,2943
6103,0.094293475,2944
2853,0.094282806,2945
5265,0.0942592,2946
1525,0.094207704,2947
2331,0.09418598,2948
2140,0.09417346,2949
8102,0.09416863,2950
189,0.09416515,2951
9549,0.09416255,2952
9184,0.094144225,2953
8142,0.094117224,2954
2842,0.0941048,2955
5356,0.09409112,2956
7023,0.09407106,2957
5140,0.09405357,2958
163,0.09403005,2959
246,0.09401804,2960
8423,0.09400147,2961
4347,0.09399144,2962
8539,0.09398699,2963
4755,0.0939841,2964
7915,0.09395927,2965
5867,0.09394309,2966
1156,0.093936354,2967
477,0.093903095,2968
9402,0.09384751,2969
1994,0.09382105,2970
6269,0.09378916,2971
742,0.09378815,2972
4727,0.09378016,2973
9656,0.09376103,2974
1316,0.09374213,2975
2523,0.093721315,2976
3124,0.09371588,2977
4273,0.093710065,2978
1253,0.09368801,2979
9421,0.09366971,2980
3106,0.09366968,2981
3932,0.09365961,2982
2968,0.093658924,2983
2162,0.09364167,2984
2765,0.09362373,2985
127,0.09361422,2986
6037,0.093604535,2987
6045,0.093532175,2988
3971,0.09352422,2989
3456,0.09352189,2990
3200,0.093515486,2991
74,0.09348637,2992
2973,0.09346801,2993
6516,0.09345001,2994
7160,0.09342325,2995
3555,0.093406856,2996
5009,0.0934068,2997
3882,0.093346894,2998
2416,0.09332612,2999
354,0.09327832,3000
9103,0.093272805,3001
9479,0.093259126,3002
6059,0.093245536,3003
2592,0.09323418,3004
6983,0.09322718,3005
6897,0.09322351,3006
5085,0.09316769,3007
8041,0.09316769,3008
8312,0.09316507,3009
111,0.09315023,3010
2909,0.093135625,3011
5247,0.0931074,3012
2244,0.09309253,3013
7125,0.09308928,3014
8742,0.093088925,3015
8169,0.093087494,3016
2755,0.09308636,3017
7436,0.09307614,3018
5149,0.09302467,3019
4144,0.093012065,3020
9550,0.093001634,3021
331,0.09298834,3022
6801,0.09297469,3023
6140,0.09296334,3024
8122,0.092948735,3025
3449,0.092868745,3026
6628,0.09284711,3027
1895,0.09284514,3028
3324,0.09284073,3029
1936,0.092835456,3030
7074,0.09281075,3031
2553,0.092805654,3032
2656,0.09278625,3033
8344,0.09276596,3034
774,0.092745245,3035
9250,0.09274167,3036
1406,0.09273824,3037
806,0.09267986,3038
4270,0.092675656,3039
3098,0.092669845,3040
3039,0.09266701,3041
6804,0.09265873,3042
1221,0.092648685,3043
6257,0.09264767,3044
991,0.09264538,3045
4383,0.09264147,3046
4243,0.092627645,3047
4690,0.09262699,3048
3448,0.09260923,3049
2135,0.09257692,3050
7934,0.092576146,3051
2678,0.09254293,3052
6943,0.09252328,3053
7738,0.09248865,3054
3068,0.09248763,3055
9601,0.09248486,3056
3736,0.09245363,3057
9288,0.092440665,3058
703,0.09239453,3059
6309,0.09235993,3060
5737,0.09230468,3061
6966,0.09229395,3062
7294,0.09227651,3063
6758,0.092231005,3064
6684,0.09220399,3065
3428,0.092193544,3066
7233,0.09217848,3067
5438,0.092176795,3068
6331,0.09215549,3069
1631,0.09211683,3070
9608,0.09208599,3071
7090,0.09208059,3072
7359,0.09207374,3073
5662,0.09205347,3074
536,0.09204239,3075
3015,0.092012525,3076
1461,0.09192443,3077
5069,0.09190908,3078
2914,0.09190279,3079
6840,0.091800064,3080
4451,0.0917913,3081
7988,0.091728,3082
190,0.09172335,3083
555,0.09171963,3084
1549,0.0917159,3085
6488,0.09169096,3086
8160,0.09165776,3087
674,0.09165585,3088
5854,0.09163678,3089
2718,0.091597974,3090
5041,0.091584235,3091
1425,0.091567814,3092
9762,0.091563344,3093
7697,0.09154308,3094
4474,0.09149757,3095
1479,0.09148882,3096
3433,0.091483265,3097
8331,0.09146792,3098
9220,0.09143072,3099
1995,0.09142655,3100
2527,0.091421396,3101
7476,0.091412574,3102
6246,0.09136823,3103
3216,0.09136313,3104
1576,0.091329575,3105
7334,0.09132686,3106
7414,0.09131572,3107
5533,0.0912922,3108
6532,0.09126133,3109
658,0.09125477,3110
1445,0.09124845,3111
4734,0.09124434,3112
6523,0.0912371,3113
4840,0.09123433,3114
3639,0.09121546,3115
5550,0.09121528,3116
6649,0.09120333,3117
8674,0.09119126,3118
2858,0.091186404,3119
9227,0.091169566,3120
329,0.091157705,3121
1593,0.091133565,3122
1048,0.09109348,3123
2603,0.09103513,3124
2057,0.09102845,3125
1022,0.090963334,3126
1850,0.09096122,3127
6678,0.090941906,3128
6824,0.09093773,3129
4952,0.09091836,3130
8116,0.090916276,3131
8460,0.090877,3132
2967,0.090847194,3133
5443,0.0908401,3134
9770,0.09082946,3135
3454,0.090824276,3136
1732,0.09079668,3137
5581,0.09077221,3138
5385,0.09074929,3139
3060,0.09074643,3140
6254,0.090743005,3141
1620,0.09071648,3142
3462,0.09069556,3143
2450,0.09069309,3144
3129,0.090688884,3145
9133,0.090663046,3146
6819,0.09062967,3147
6806,0.09062025,3148
5715,0.09059295,3149
7103,0.090583175,3150
2434,0.090567976,3151
834,0.09054674,3152
3119,0.090535104,3153
2682,0.0905171,3154
9674,0.09050709,3155
9255,0.090477556,3156
3906,0.09046736,3157
9794,0.0904645,3158
7498,0.0904125,3159
4826,0.09040454,3160
3366,0.09040272,3161
7826,0.09039803,3162
9558,0.09039134,3163
8563,0.09033549,3164
9069,0.090304315,3165
7755,0.09025082,3166
2761,0.090212435,3167
6214,0.09020683,3168
2453,0.090170085,3169
272,0.090158165,3170
2764,0.09014204,3171
6683,0.09010914,3172
7787,0.09010431,3173
9380,0.09009299,3174
5235,0.090079606,3175
2539,0.090048134,3176
3737,0.09000021,3177
8405,0.08998948,3178
4724,0.08995378,3179
7685,0.0899488,3180
5529,0.089931905,3181
7017,0.08989601,3182
9347,0.08989197,3183
1790,0.08988926,3184
5812,0.08986592,3185
3773,0.08985829,3186
1710,0.08982274,3187
6764,0.08981761,3188
7003,0.089808404,3189
7095,0.08977583,3190
8414,0.08976537,3191
2296,0.08974239,3192
5789,0.089719415,3193
5963,0.08966127,3194
4698,0.08964905,3195
1929,0.0896315,3196
677,0.08961886,3197
5717,0.08961463,3198
3636,0.089609444,3199
5419,0.089571774,3200
3922,0.08955136,3201
9699,0.089541435,3202
610,0.089538485,3203
5958,0.08953223,3204
9428,0.0895277,3205
4006,0.089475095,3206
6131,0.08946094,3207
9080,0.08943388,3208
302,0.08941379,3209
5432,0.08939004,3210
6380,0.08937526,3211
8659,0.08937025,3212
6883,0.08933604,3213
342,0.089324,3214
6253,0.08931509,3215
6693,0.089289844,3216
759,0.08926612,3217
3690,0.089260995,3218
4897,0.08925617,3219
8554,0.08920857,3220
4581,0.08919644,3221
5200,0.08918825,3222
5058,0.08918005,3223
1626,0.089122,3224
5080,0.08911884,3225
2335,0.0891166,3226
4176,0.08910832,3227
9358,0.089090884,3228
9710,0.089069486,3229
7488,0.08906764,3230
1438,0.08904502,3231
7490,0.08903566,3232
1193,0.08902255,3233
4495,0.088932246,3234
1180,0.08893025,3235
2837,0.08892593,3236
5105,0.08887404,3237
1394,0.08885467,3238
6008,0.08883476,3239
2084,0.08880061,3240
2624,0.088793576,3241
8555,0.08877662,3242
4502,0.08877367,3243
498,0.08877134,3244
5672,0.088761955,3245
8225,0.08876175,3246
389,0.08874497,3247
7892,0.08873457,3248
7911,0.08871612,3249
4576,0.088703126,3250
7615,0.08870262,3251
83,0.08870208,3252
297,0.08867118,3253
967,0.08866888,3254
8829,0.08865625,3255
4881,0.08864367,3256
8391,0.088640064,3257
6097,0.0886319,3258
2028,0.088614374,3259
9092,0.08861339,3260
8562,0.08861217,3261
4076,0.08860606,3262
4049,0.088603646,3263
5775,0.088554084,3264
7478,0.08853485,3265
9079,0.08846784,3266
3755,0.08846453,3267
1931,0.08846381,3268
7378,0.08846259,3269
1633,0.08844882,3270
7340,0.08844036,3271
2892,0.088434964,3272
1457,0.088434756,3273
2499,0.08839071,3274
8694,0.088389635,3275
9439,0.0883608,3276
711,0.08835447,3277
6980,0.088350326,3278
6963,0.08833802,3279
9070,0.08833721,3280
7596,0.08832049,3281
5853,0.08830309,3282
3081,0.08826345,3283
9348,0.08826089,3284
3157,0.08825505,3285
7774,0.08825129,3286
9781,0.088232666,3287
5329,0.08821738,3288
7420,0.08821234,3289
2908,0.08818424,3290
5408,0.0881775,3291
6102,0.08815223,3292
7171,0.088136226,3293
1707,0.088131785,3294
4333,0.08810972,3295
1705,0.08809382,3296
4066,0.088088304,3297
6734,0.08803967,3298
5477,0.088015765,3299
6795,0.08801508,3300
4013,0.08797854,3301
7375,0.08796093,3302
251,0.08793342,3303
1715,0.08788845,3304
6165,0.087884724,3305
6855,0.08787352,3306
4953,0.08786848,3307
172,0.08780226,3308
9285,0.087798685,3309
9491,0.08777869,3310
5592,0.087774485,3311
4218,0.08774623,3312
7552,0.08774382,3313
1195,0.087741554,3314
771,0.08773944,3315
7973,0.0877268,3316
7302,0.0876866,3317
4119,0.08767855,3318
5578,0.087668836,3319
8633,0.087665305,3320
8388,0.0876652,3321
7880,0.08764508,3322
2023,0.08764097,3323
2532,0.08762735,3324
7599,0.087613374,3325
1139,0.087569475,3326
1271,0.087559074,3327
7906,0.08753979,3328
2644,0.08751956,3329
2425,0.0875006,3330
8598,0.087498486,3331
692,0.08748448,3332
4940,0.08747578,3333
1890,0.08744016,3334
5117,0.087420344,3335
3174,0.08733186,3336
8593,0.08729696,3337
9586,0.08728585,3338
3347,0.08728212,3339
970,0.087227136,3340
2832,0.08721587,3341
2235,0.08720139,3342
6901,0.08719614,3343
6289,0.087121874,3344
8338,0.08711377,3345
8356,0.0870958,3346
828,0.08708492,3347
6639,0.08707884,3348
8128,0.087058336,3349
5494,0.08695498,3350
564,0.08694759,3351
3914,0.08693707,3352
4866,0.08693057,3353
6332,0.08690566,3354
9883,0.086869925,3355
7674,0.08686003,3356
1255,0.086823225,3357
4307,0.0868026,3358
7299,0.08678332,3359
9787,0.08673459,3360
3713,0.086703,3361
1178,0.08669838,3362
4617,0.08667195,3363
2470,0.08666748,3364
8159,0.08665845,3365
3642,0.086642295,3366
3522,0.086622655,3367
9213,0.08660716,3368
4635,0.0865863,3369
496,0.08656633,3370
298,0.08656156,3371
649,0.08655608,3372
346,0.086542815,3373
9542,0.08654237,3374
1237,0.08652717,3375
5404,0.08652347,3376
9823,0.086502135,3377
6997,0.08648282,3378
3538,0.0864051,3379
341,0.086381674,3380
7496,0.08637276,3381
3583,0.08637217,3382
4390,0.086371854,3383
2252,0.0863677,3384
1481,0.0863536,3385
3904,0.0863474,3386
2936,0.08633518,3387
966,0.08633047,3388
3521,0.08630517,3389
9459,0.08630124,3390
8852,0.08628261,3391
6831,0.08627823,3392
2325,0.08627343,3393
3320,0.08626574,3394
4039,0.08621016,3395
6767,0.086209685,3396
9895,0.08620149,3397
5066,0.08618927,3398
5941,0.08617595,3399
9843,0.08616564,3400
5738,0.08615449,3401
7737,0.08614805,3402
6177,0.086146384,3403
8465,0.08613965,3404
4855,0.08611214,3405
8698,0.08609751,3406
8508,0.086057186,3407
9573,0.08604422,3408
5441,0.08602694,3409
7977,0.08602476,3410
7888,0.08601573,3411
3903,0.08601192,3412
3303,0.085988045,3413
6916,0.08598587,3414
9368,0.08598432,3415
1428,0.08596656,3416
8908,0.085965335,3417
1805,0.08596194,3418
2269,0.08591905,3419
4216,0.085900486,3420
2139,0.085897565,3421
3978,0.08584237,3422
2455,0.08582878,3423
6273,0.0857802,3424
645,0.08576751,3425
577,0.0857625,3426
6991,0.08574143,3427
8386,0.08572051,3428
21,0.08567482,3429
2132,0.085670054,3430
7123,0.085642904,3431
5713,0.08563045,3432
5249,0.08563021,3433
4137,0.085606635,3434
8399,0.085597664,3435
7209,0.085582286,3436
503,0.085580856,3437
4321,0.085544795,3438
2405,0.085540235,3439
8252,0.0855355,3440
4023,0.085528016,3441
3819,0.08550158,3442
3902,0.08550152,3443
2710,0.08548513,3444
6610,0.08546767,3445
48,0.08537978,3446
5706,0.085379064,3447
790,0.08536896,3448
1138,0.08534004,3449
3777,0.085297525,3450
8292,0.08529118,3451
6791,0.08527771,3452
8028,0.08526322,3453
7413,0.08523741,3454
2654,0.08523351,3455
8733,0.08521798,3456
5754,0.08514741,3457
7928,0.0851351,3458
349,0.085127056,3459
8402,0.08511597,3460
853,0.0851132,3461
6142,0.0850946,3462
2050,0.085045815,3463
42,0.08502337,3464
8985,0.085001945,3465
7521,0.08499342,3466
1164,0.084979534,3467
2768,0.08497669,3468
1137,0.08497003,3469
5212,0.084967315,3470
5872,0.084955454,3471
9684,0.084950626,3472
7841,0.084946275,3473
5420,0.084914744,3474
7705,0.08487174,3475
6020,0.0848673,3476
6317,0.084845036,3477
1788,0.08483723,3478
9195,0.08481187,3479
5501,0.084793776,3480
3003,0.08474484,3481
8515,0.084733546,3482
749,0.0847244,3483
267,0.08471769,3484
2347,0.084712,3485
7789,0.08469033,3486
8625,0.084684104,3487
8723,0.08466831,3488
526,0.084662706,3489
8482,0.084656924,3490
178,0.08461608,3491
7549,0.084611475,3492
1753,0.08460435,3493
8242,0.084582746,3494
2886,0.08457941,3495
9530,0.08456814,3496
8117,0.08455223,3497
1980,0.08452569,3498
161,0.0844945,3499
5849,0.084482074,3500
6444,0.08445668,3501
2672,0.08444226,3502
5552,0.08444187,3503
1618,0.08443242,3504
5450,0.08443114,3505
8708,0.0843983,3506
9615,0.084376544,3507
493,0.08434582,3508
4562,0.08434287,3509
1134,0.08432731,3510
9676,0.08427921,3511
6088,0.08426961,3512
4035,0.08426002,3513
4858,0.08424747,3514
1025,0.08424196,3515
9566,0.08422536,3516
